1,STATE ABBREVIATION,STATE,DISTRICT,FEC ID,(I) Incumbent Indicator,CANDIDATE NAME (First),CANDIDATE NAME (Last),CANDIDATE NAME,TOTAL VOTES,PARTY,PRIMARY VOTES,PRIMARY %,RUNOFF VOTES,RUNOFF %,GENERAL VOTES ,GENERAL %,"GE RUNOFF ELECTION VOTES (GA, LA)","GE RUNOFF ELECTION % (GA, LA)",COMBINED GE PARTY TOTALS (when applicable),COMBINED % (when applicable),PE WINNER INDICATOR,GE WINNER INDICATOR,FOOTNOTES,,
2,,,,,,,,,,,,,,,,,,,,,,,,,
3,AL,Alabama,S,S0AL00230,,Tommy,Tuberville,"Tuberville, Tommy",,R,"239,616",33.39%,"334,675",60.73%,"1,392,076",60.10%,,,,,W,W,,,
4,AL,Alabama,S,S6AL00195,,Jeff,Sessions,"Sessions, Jeff",,R,"227,088",31.64%,"216,452",39.27%,,,,,,,,,,,
5,AL,Alabama,S,S0AL00206,,Bradley,Byrne,"Byrne, Bradley",,R,"178,627",24.89%,,,,,,,,,,,,,
6,AL,Alabama,S,S0AL00297,,Roy,Moore,"Moore, Roy",,R,"51,377",7.16%,,,,,,,,,,,,,
7,AL,Alabama,S,S0AL00321,,Ruth Page,Nelson,"Nelson, Ruth Page",,R,"7,200",1.00%,,,,,,,,,,,,,
8,AL,Alabama,S,S0AL00263,,Arnold,Mooney,"Mooney, Arnold",,R,"7,149",1.00%,,,,,,,,,,,,,
9,AL,Alabama,S,S0AL00248,,Stanley,Adair,"Adair, Stanley",,R,"6,608",0.92%,,,,,,,,,,,,,
10,AL,Alabama,S,n/a,,,,,Party Votes:,R,"717,665",,"551,127",,,,,,,,,,,,
11,AL,Alabama,S,S0AL00156,(I),Doug,Jones,"Jones, Doug",,D,Unopposed,,,,"920,478",39.74%,,,,,W,,,,
12,AL,Alabama,S,n/a,,,Scattered,Scattered,,W,,,,,"3,891",0.17%,,,,,,,,,
13,AL,Alabama,S,n/a,,,,,Total State Votes:,,"717,665",,"551,127",,"2,316,445",,,,,,,,,,
14,,,,n/a,,,,,,,,,,,,,,,,,,,,,
15,AK,Alaska,S,S4AK00214,(I),Dan,Sullivan,"Sullivan, Dan",,R,"65,257",100.00%,,,"191,112",53.90%,,,,,W,W,,,
16,AK,Alaska,S,n/a,,,,,Party Votes:,R,"65,257",,,,,,,,,,,,,,
17,AK,Alaska,S,S0AK00196,,Al,Gross,"Gross, Al",,N(D)/D,"50,047",85.55%,,,"146,068",41.19%,,,,,W,,*  N(D) = Nonpartisan (Democratic Primary).  The Alaska Democratic Party allows candidates who are registered as Undeclared or Nonpartisan to run as candidates in its primary.,,
18,AK,Alaska,S,S6AK00177,,Edgar,Blatchford,"Blatchford, Edgar",,D,"5,463",9.34%,,,,,,,,,,,,,
19,AK,Alaska,S,S0AK00212,,Chris C.,Cumings,"Cumings, Chris C.",,N(D),"2,989",5.11%,,,,,,,,,,,*  N(D) = Nonpartisan (Democratic Primary).  The Alaska Democratic Party allows candidates who are registered as Undeclared or Nonpartisan to run as candidates in its primary.,,
20,AK,Alaska,S,n/a,,,,,Party Votes:,D,"58,499",,,,,,,,,,,,,,
21,AK,Alaska,S,S0AK00238,,John Wayne,Howe,"Howe, John Wayne",,AKI,"4,165",100.00%,,,"16,806",4.74%,,,,,W,,,,
22,AK,Alaska,S,n/a,,,,,Party Votes:,AKI,"4,165",,,,,,,,,,,,,,
23,AK,Alaska,S,n/a,,,Scattered,Scattered,,W,,,,,601,0.17%,,,,,,,,,
24,AK,Alaska,S,n/a,,,,,Total State Votes:,,"127,921",,,,"354,587",,,,,,,,,,
25,,,,n/a,,,,,,,,,,,,,,,,,,,,,
26,AZ,Arizona,S,S0AZ00350,,Mark,Kelly,"Kelly, Mark",,D,"665,927",99.93%,,,"1,716,467",51.16%,,,,,W,W,,,
27,AZ,Arizona,S,"S0AZ00434
",,"Bo ""Heir Archy""",Garcia,"Garcia, Bo ""Heir Archy""",,W(D),451,0.07%,,,,,,,,,,,,,
28,AZ,Arizona,S,n/a,,,,,Party Votes:,D,"666,378",,,,,,,,,,,,,,
29,AZ,Arizona,S,S8AZ00221,(I),Martha,McSally,"McSally, Martha",,R,"551,401",75.20%,,,"1,637,661",48.81%,,,,,W,,,,
30,AZ,Arizona,S,S0AZ00376,,"Daniel ""Demand Daniel""",McCarthy,"McCarthy, Daniel ""Demand Daniel""",,R,"181,667",24.77%,,,,,,,,,,,,,
31,AZ,Arizona,S,n/a,,Sean,Lyons,"Lyons, Sean",,W(R),210,0.03%,,,,,,,,,,,,,
32,AZ,Arizona,S,n/a,,,,,Party Votes:,R,"733,278",,,,,,,,,,,,,,
33,AZ,Arizona,S,S0AZ00467,,"Matthew ""Doc""",Dorchester,"Dorchester, Matthew ""Doc""",,W,,,,,379,0.01%,,,,,,,,,
34,AZ,Arizona,S,S0AZ00475,,Nicholas N.,Glenn,"Glenn, Nicholas N.",,W,,,,,152,0.00%,,,,,,,,,
35,AZ,Arizona,S,S0AZ00525,,Debbie,Simmons,"Simmons, Debbie",,W,,,,,98,0.00%,,,,,,,,,
36,AZ,Arizona,S,S0AZ00517,,John,Schiess,"Schiess, John",,W,,,,,92,0.00%,,,,,,,,,
37,AZ,Arizona,S,S0AZ00442,,Christopher,Beckett,"Beckett, Christopher",,W,,,,,69,0.00%,,,,,,,,,
38,AZ,Arizona,S,S0AZ00509,,Joshua,Rodriguez,"Rodriguez, Joshua",,W,,,,,69,0.00%,,,,,,,,,
39,AZ,Arizona,S,S0AZ00384,,"Mohammad ""Mike Obama""",Arif,"Arif, Mohammad ""Mike Obama""",,W,,,,,68,0.00%,,,,,,,,,
40,AZ,Arizona,S,S0AZ00483,,Perry,Kapadia,"Kapadia, Perry",,W,,,,,58,0.00%,,,,,,,,,
41,AZ,Arizona,S,n/a,,Mathew,Haupt,"Haupt, Mathew",,W,,,,,37,0.00%,,,,,,,,,
42,AZ,Arizona,S,n/a,,"Patrick ""Pat""",Thomas,"Thomas, Patrick ""Pat""",,W,,,,,29,0.00%,,,,,,,,,
43,AZ,Arizona,S,"S8AZ00312
",,Edward ,Davida,"Davida, Edward ",,W,,,,,28,0.00%,,,,,,,,,
44,AZ,Arizona,S,n/a,,Jim,Stevens,"Stevens, Jim",,W,,,,,23,0.00%,,,,,,,,,
45,AZ,Arizona,S,S0AZ00533,,Buzz,Stewart,"Stewart, Buzz",,W,,,,,22,0.00%,,,,,,,,,
46,AZ,Arizona,S,n/a,,"William ""Will""",Decker,"Decker, William ""Will""",,W,,,,,21,0.00%,,,,,,,,,
47,AZ,Arizona,S,S0AZ00459,,Adam,Chilton,"Chilton, Adam",,W,,,,,19,0.00%,,,,,,,,,
48,AZ,Arizona,S,S0AZ00491,,Benjamin,Rodriguez,"Rodriguez, Benjamin",,W,,,,,17,0.00%,,,,,,,,,
49,AZ,Arizona,S,n/a,,Frank,Saenz,"Saenz, Frank",,W,,,,,8,0.00%,,,,,,,,,
50,AZ,Arizona,S,S0AZ00145,,Barry,Hess,"Hess, Barry",,W(LIB),329,76.51%,,,,,,,,,,,,,
51,AZ,Arizona,S,S0AZ00426,,Alan,White,"White, Alan",,W(LIB),101,23.49%,,,,,,,,,,,,,
52,AZ,Arizona,S,n/a,,,,,Party Votes:,LIB,430,,,,,,,,,,,,,,
53,AZ,Arizona,S,n/a,,,,,Total State Votes:,,"1,400,086",,,,"3,355,317",,,,,,,,,,
54,,,,n/a,,,,,,,,,,,,,,,,,,,,,
55,AR,Arkansas,S,S4AR00103,(I),Tom,Cotton,"Cotton, Tom",,R,Unopposed,,,,"793,871",66.53%,,,,,W,W,,,
56,AR,Arkansas,S,S0AR00226,,"Ricky Dale, Jr.",Harrington,"Harrington, Ricky Dale, Jr.",,LIB,,,,,"399,390",33.47%,,,,,,,,,
57,AR,Arkansas,S,n/a,,,,,Total State Votes:,,,,,,"1,193,261",,,,,,,,,,
58,,,,n/a,,,,,,,,,,,,,,,,,,,,,
59,CO,Colorado,S,S0CO00575,,John W. ,Hickenlooper,"Hickenlooper, John W. ",,D,"585,826",58.65%,,,"1,731,114",53.50%,,,,,W,W,,,
60,CO,Colorado,S,S0CO00286,,Andrew,Romanoff,"Romanoff, Andrew",,D,"412,955",41.35%,,,,,,,,,,,,,
61,CO,Colorado,S,n/a,,,,,Party Votes:,D,"998,781",,,,,,,,,,,,,,
62,CO,Colorado,S,S4CO00395,(I),Cory,Gardner,"Gardner, Cory",,R,"554,806",100.00%,,,"1,429,492",44.18%,,,,,W,,,,
63,CO,Colorado,S,n/a,,,,,Party Votes:,R,"554,806",,,,,,,,,,,,,,
64,CO,Colorado,S,S0CO00674,,Raymon Anthony,Doane,"Doane, Raymon Anthony",,LIB,"4,365",62.82%,,,"56,262",1.74%,,,,,W,,,,
65,CO,Colorado,S,S4CO00403,,Gaylon,Kent,"Kent, Gaylon",,LIB,"2,583",37.18%,,,,,,,,,,,,,
66,CO,Colorado,S,n/a,,,,,Party Votes:,LIB,"6,948",,,,,,,,,,,,,,
67,CO,Colorado,S,S0CO00732,,Daniel,Doyle,"Doyle, Daniel",,APV,,,,,"9,820",0.30%,,,,,,,,,
68,CO,Colorado,S,S0CO00708,,"Stephen ""Seku""",Evans,"Evans, Stephen ""Seku""",,UPC,,,,,"8,971",0.28%,,,,,,,,,
69,CO,Colorado,S,S8CO00230,,Bruce,Lohmiller,"Lohmiller, Bruce",,W,,,,,71,0.00%,,,,,,,,,
70,CO,Colorado,S,S0CO00757,,Danny,Skelly,"Skelly, Danny",,W,,,,,55,0.00%,,,,,,,,,
71,CO,Colorado,S,S0CO00740,,Michael,Sanchez,"Sanchez, Michael",,W,,,,,5,0.00%,,,,,,,,,
72,CO,Colorado,S,n/a,,,,,Total State Votes:,,"1,560,535",,,,"3,235,790",,,,,,,,,,
73,,,,n/a,,,,,,,,,,,,,,,,,,,,,
74,DE,Delaware,S,S0DE00092 ,(I),Christopher A.,Coons,"Coons, Christopher A.",,D,"87,332",72.85%,,,"291,804",59.44%,,,,,W,W,,,
75,DE,Delaware,S,S0DE00175 ,,Jessica,Scarane,"Scarane, Jessica",,D,"32,547",27.15%,,,,,,,,,,,,,
76,DE,Delaware,S,n/a,,,,,Party Votes:,D,"119,879",,,,,,,,,,,,,,
77,DE,Delaware,S,S0DE00183,,Lauren,Witzke,"Witzke, Lauren",,R,"30,702",56.89%,,,"186,054",37.90%,,,,,W,,,,
78,DE,Delaware,S,S0DE00191,,"James ""Jim""",DeMartino,"DeMartino, James ""Jim""",,R,"23,266",43.11%,,,,,,,,,,,,,
79,DE,Delaware,S,n/a,,,,,Party Votes:,R,"53,968",,,,,,,,,,,,,,
80,DE,Delaware,S,S0DE00167,,Mark W.,Turley,"Turley, Mark W.",,IDE,,,,,"7,833",1.60%,,,,,,,,,
81,DE,Delaware,S,S8DE00160,,Nadine M.,Frost,"Frost, Nadine M.",,LIB,,,,,"5,244",1.07%,,,,,,,,,
82,DE,Delaware,S,n/a,,,,,Total State Votes:,,"173,847",,,,"490,935",,,,,,,,,,
83,,,,n/a,,,,,,,,,,,,,,,,,,,,,
84,GA,Georgia,S-FULL TERM,S8GA00180,,Jon,Ossoff,"Ossoff, Jon",,D,"626,819",52.82%,,,"2,374,519",47.95%,"2,269,923",50.61%,,,W,W,"General Runoff Election on January 5, 2021.",,
85,GA,Georgia,S-FULL TERM,S0GA00393,,Teresa Pike,Tomlinson,"Tomlinson, Teresa Pike",,D,"187,416",15.79%,,,,,,,,,,,,,
86,GA,Georgia,S-FULL TERM,S0GA00401,,Sarah,Riggs Amico,"Riggs Amico, Sarah",,D,"139,574",11.76%,,,,,,,,,,,,,
87,GA,Georgia,S-FULL TERM,S0GA00500,,Maya Dillard,Smith,"Smith, Maya Dillard",,D,"105,000",8.85%,,,,,,,,,,,,,
88,GA,Georgia,S-FULL TERM,"S0GA00674
",,James,Knox,"Knox, James",,D,"49,452",4.17%,,,,,,,,,,,,,
89,GA,Georgia,S-FULL TERM,S0GA00377,,Marckeith,DeJesus,"DeJesus, Marckeith",,D,"45,936",3.87%,,,,,,,,,,,,,
90,GA,Georgia,S-FULL TERM,S0GA00666,,Tricia Carpenter,McCracken,"McCracken, Tricia Carpenter",,D,"32,463",2.74%,,,,,,,,,,,,,
91,GA,Georgia,S-FULL TERM,n/a,,,,,Party Votes:,D,"1,186,660",,,,,,,,,,,,,,
92,GA,Georgia,S-FULL TERM,S4GA11285,(I),David A. ,Perdue,"Perdue, David A. ",,R,"992,555",100.00%,,,"2,462,617",49.73%,"2,214,979",49.39%,,,W,,"General Runoff Election on January 5, 2021.",,
93,GA,Georgia,S-FULL TERM,n/a,,,,,Party Votes:,R,"992,555",,,,,,,,,,,,,,
94,GA,Georgia,S-FULL TERM,S0GA00575,,Shane,Hazel,"Hazel, Shane",,LIB,,,,,"115,039",2.32%,,,,,W,,,,
95,GA,Georgia,S-FULL TERM,n/a,,,,,Total Full Term State Votes:,,"2,179,215",,,,"4,952,175",,"4,484,902",,,,,,,,
96,,,,n/a,,,,,,,,,,,,,,,,,,,,,
97,GA,Georgia,S-UNEXPIRED TERM,S0GA00559,,Raphael ,Warnock,"Warnock, Raphael ",,D,,,,,"1,617,035",32.90%,"2,289,113",51.04%,,,,W,"Special General Runoff Election on January 5, 2021.",,
98,GA,Georgia,S-UNEXPIRED TERM,S0GA00526,(I),Kelly ,Loeffler,"Loeffler, Kelly ",,R,,,,,"1,273,214",25.91%,"2,195,841",48.96%,,,,,"Special General Runoff Election on January 5, 2021.",,
99,GA,Georgia,S-UNEXPIRED TERM,S0GA00567,,Doug,Collins,"Collins, Doug",,R,,,,,"980,454",19.95%,,,,,,,,,
100,GA,Georgia,S-UNEXPIRED TERM,S0GA00591,,Deborah ,Jackson,"Jackson, Deborah ",,D,,,,,"324,118",6.60%,,,,,,,,,
101,GA,Georgia,S-UNEXPIRED TERM,S0GA00468,,Matt,Lieberman,"Lieberman, Matt",,D,,,,,"136,021",2.77%,,,,,,,,,
102,GA,Georgia,S-UNEXPIRED TERM,S0GA00484,,Tamara,Johnson-Shealey,"Johnson-Shealey, Tamara",,D,,,,,"106,767",2.17%,,,,,,,,,
103,GA,Georgia,S-UNEXPIRED TERM,S0GA00609,,Jamesia,James,"James, Jamesia",,D,,,,,"94,406",1.92%,,,,,,,,,
104,GA,Georgia,S-UNEXPIRED TERM,S0GA00658,,Derrick E.,Grayson,"Grayson, Derrick E.",,R,,,,,"51,592",1.05%,,,,,,,,,
105,GA,Georgia,S-UNEXPIRED TERM,S0GA00708,,Joy Felicia,Slade,"Slade, Joy Felicia",,D,,,,,"44,945",0.91%,,,,,,,,,
106,GA,Georgia,S-UNEXPIRED TERM,S0GA00716,,Annette Davis,Jackson,"Jackson, Annette Davis",,R,,,,,"44,335",0.90%,,,,,,,,,
107,GA,Georgia,S-UNEXPIRED TERM,S0GA00641,,Kandiss,Taylor,"Taylor, Kandiss",,R,,,,,"40,349",0.82%,,,,,,,,,
108,GA,Georgia,S-UNEXPIRED TERM,S0GA00492,,A. Wayne,Johnson,"Johnson, A. Wayne",,R,,,,,"36,176",0.74%,,,,,,,,,
109,GA,Georgia,S-UNEXPIRED TERM,S0GA00633,,Brian,Slowinski,"Slowinski, Brian",,LIB,,,,,"35,431",0.72%,,,,,,,,,
110,GA,Georgia,S-UNEXPIRED TERM,S0GA00542,,Richard Dien,Winfield,"Winfield, Richard Dien",,D,,,,,"28,687",0.58%,,,,,,,,,
111,GA,Georgia,S-UNEXPIRED TERM,S0GA00583,,Ed,Tarver,"Tarver, Ed",,D,,,,,"26,333",0.54%,,,,,,,,,
112,GA,Georgia,S-UNEXPIRED TERM,S4GA11103,,Allen,Buckley,"Buckley, Allen",,IND,,,,,"17,954",0.37%,,,,,,,,,
113,GA,Georgia,S-UNEXPIRED TERM,S0GA00617,,"John ""Green""",Fortuin,"Fortuin, John ""Green""",,GRE,,,,,"15,293",0.31%,,,,,,,,,
114,GA,Georgia,S-UNEXPIRED TERM,S0GA00443,,Al,Bartell,"Bartell, Al",,IND,,,,,"14,640",0.30%,,,,,,,,,
115,GA,Georgia,S-UNEXPIRED TERM,S0GA00625,,Valencia,Stovall,"Stovall, Valencia",,IND,,,,,"13,318",0.27%,,,,,,,,,
116,GA,Georgia,S-UNEXPIRED TERM,S0GA00724,,Michael Todd,Greene,"Greene, Michael Todd",,IND,,,,,"13,293",0.27%,,,,,,,,,
117,GA,Georgia,S-UNEXPIRED TERM,S0GA00732,,Rod,Mack,"Mack, Rod",,W,,,,,7,0.00%,,,,,,,,,
118,GA,Georgia,S-UNEXPIRED TERM,n/a,,,,,Total Unexpired Term State Votes:,,,,,,"4,914,368",,"4,484,954",,,,,,,,
119,,,,n/a,,,,,,,,,,,,,,,,,,,,,
120,ID,Idaho,S,S8ID00092,(I),Jim ,Risch,"Risch, Jim ",,R,"199,314",100.00%,,,"538,446",62.62%,,,,,W,W,,,
121,ID,Idaho,S,n/a,,,,,Party Votes:,R,"199,314",,,,,,,,,,,,,,
122,ID,Idaho,S,S0ID00180,,Paulette,Jordan,"Jordan, Paulette",,D,"72,778",85.70%,,,"285,864",33.25%,,,,,W,,,,
123,ID,Idaho,S,S0ID00164,,Jim,Vandermaas,"Vandermaas, Jim",,D,"12,145",14.30%,,,,,,,,,,,,,
124,ID,Idaho,S,n/a,,,,,Party Votes:,D,"84,923",,,,,,,,,,,,,,
125,ID,Idaho,S,S0ID00172,,Natalie M. ,Fleming,"Fleming, Natalie M. ",,IND,,,,,"25,329",2.95%,,,,,,,,,
126,ID,Idaho,S,S6ID00104,,Ray J. ,Writz,"Writz, Ray J. ",,CON,Unopposed,,,,"10,188",1.18%,,,,,W,,,,
127,ID,Idaho,S,n/a,,,,,Total State Votes:,,"284,237",,,,"859,827",,,,,,,,,,
128,,,,n/a,,,,,,,,,,,,,,,,,,,,,
129,IL,Illinois,S,S6IL00151,(I),Richard J. ,Durbin,"Durbin, Richard J. ",,D,"1,446,118",100.00%,,,"3,278,930",54.93%,,,,,W,W,,,
130,IL,Illinois,S,n/a,,,,,Party Votes:,D,"1,446,118",,,,,,,,,,,,,,
131,IL,Illinois,S,S0IL00543 ,,"Mark C., Jr.",Curran,"Curran, Mark C., Jr.",,R,"205,747",41.55%,,,"2,319,870",38.87%,,,,,W,,,,
132,IL,Illinois,S,S0IL00501,,Peggy,Hubbard,"Hubbard, Peggy",,R,"113,189",22.86%,,,,,,,,,,,,,
133,IL,Illinois,S,S6IL00185 ,,Robert,Marshall,"Marshall, Robert",,R,"75,561",15.26%,,,,,,,,,,,,,
134,IL,Illinois,S,S0IL00527,,Tom,Tarter,"Tarter, Tom",,R,"73,009",14.74%,,,,,,,,,,,,,
135,IL,Illinois,S,S0IL00550,,Casey,Chlebek,"Chlebek, Casey",,R,"27,655",5.58%,,,,,,,,,,,,,
136,IL,Illinois,S,n/a,,Richard,Mayers,"Mayers, Richard",,W(R),7,0.00%,,,,,,,,,,,,,
137,IL,Illinois,S,n/a,,,,,Party Votes:,R,"495,168",,,,,,,,,,,,,,
138,IL,Illinois,S,S0IL00568,,Willie L.,Wilson,"Wilson, Willie L.",,WWP,,,,,"237,699",3.98%,,,,,,,,,
139,IL,Illinois,S,S0IL00618,,Danny,Malouf,"Malouf, Danny",,LIB,,,,,"75,673",1.27%,,,,,,,,,
140,IL,Illinois,S,S0IL00634,,David F.,Black,"Black, David F.",,GRE,,,,,"56,711",0.95%,,,,,,,,,
141,IL,Illinois,S,n/a,,Kevin,Keely,"Keely, Kevin",,W,,,,,10,0.00%,,,,,,,,,
142,IL,Illinois,S,S0IL00477,,Lowell Martin,Seida,"Seida, Lowell Martin",,W,,,,,6,0.00%,,,,,,,,,
143,IL,Illinois,S,n/a,,Albert A.,Schaal,"Schaal, Albert A.",,W,,,,,2,0.00%,,,,,,,,,
144,IL,Illinois,S,n/a,,,,,Total State Votes:,,"1,941,286",,,,"5,968,901",,,,,,,,,,
145,,,,n/a,,,,,,,,,,,,,,,,,,,,,
146,IA,Iowa,S,S4IA00129,(I),Joni,Ernst,"Ernst, Joni",,R,"226,589",98.64%,,,"864,997",51.74%,,,,,W,W,,,
147,IA,Iowa,S,n/a,,,Scattered,Scattered,,W(R),"3,132",1.36%,,,,,,,,,,,,,
148,IA,Iowa,S,n/a,,,,,Party Votes:,R,"229,721",,,,,,,,,,,,,,
149,IA,Iowa,,n/a,,,,,,,,,,,,,,,,,,,,,
150,IA,Iowa,S,S0IA00176,,Theresa,Greenfield,"Greenfield, Theresa",,D,"132,001",47.71%,,,"754,859",45.15%,,,,,W,,,,
151,IA,Iowa,S,S0IA00200,,Michael,Franken,"Franken, Michael",,D,"68,851",24.88%,,,,,,,,,,,,,
152,IA,Iowa,S,S0IA00168,,Kimberly,Graham,"Graham, Kimberly",,D,"41,554",15.02%,,,,,,,,,,,,,
153,IA,Iowa,S,S0IA00150,,Eddie J.,Mauro,"Mauro, Eddie J.",,D,"30,400",10.99%,,,,,,,,,,,,,
154,IA,Iowa,S,S0IA00192,,Cal,Woods,"Woods, Cal",,D,"3,372",1.22%,,,,,,,,,,,,,
155,IA,Iowa,S,n/a,,,Scattered,Scattered,,W(D),514,0.19%,,,,,,,,,,,,,
156,IA,Iowa,S,n/a,,,,,Party Votes:,D,"276,692",,,,,,,,,,,,,,
157,IA,Iowa,S,S4IA00194,,Rick,Stewart,"Stewart, Rick",,LIB,,,,,"36,961",2.21%,,,,,,,,,
158,IA,Iowa,S,S0IA00184,,Suzanne,Herzog,"Herzog, Suzanne",,NPY,,,,,"13,800",0.83%,,,,,,,,,
159,IA,Iowa,S,n/a,,,Scattered,Scattered,,W,,,,,"1,211",0.07%,,,,,,,,,
160,IA,Iowa,S,n/a,,,,,Total State Votes:,,"506,413",,,,"1,671,828",,,,,,,,,,
161,,,,n/a,,,,,,,,,,,,,,,,,,,,,
162,KS,Kansas,S,S0KS00315,,Roger,Marshall,"Marshall, Roger",,R,"167,800",40.28%,,,"727,962",53.22%,,,,,W,W,,,
163,KS,Kansas,S,S0KS00257,,Kris,Kobach,"Kobach, Kris",,R,"108,726",26.10%,,,,,,,,,,,,,
164,KS,Kansas,S,S0KS00349,,Bob,Hamilton,"Hamilton, Bob",,R,"77,952",18.71%,,,,,,,,,,,,,
165,KS,Kansas,S,S0KS00240,,David Alan,Lindstrom,"Lindstrom, David Alan",,R,"27,451",6.59%,,,,,,,,,,,,,
166,KS,Kansas,S,S0KS00406,,Steve,Roberts,"Roberts, Steve",,R,"8,141",1.95%,,,,,,,,,,,,,
167,KS,Kansas,S,S0KS00331,,Brian,Matlock,"Matlock, Brian",,R,"7,083",1.70%,,,,,,,,,,,,,
168,KS,Kansas,S,S0KS00372,,Lance,Berland,"Berland, Lance",,R,"6,404",1.54%,,,,,,,,,,,,,
169,KS,Kansas,S,S0KS00364,,John,Miller,"Miller, John",,R,"4,431",1.06%,,,,,,,,,,,,,
170,KS,Kansas,S,"S0KS00398
",,Derek C.,Ellis,"Ellis, Derek C.",,R,"3,970",0.95%,,,,,,,,,,,,,
171,KS,Kansas,S,"S0KS00414
",,Gabriel Mark,Robles,"Robles, Gabriel Mark",,R,"3,744",0.90%,,,,,,,,,,,,,
172,KS,Kansas,S,"S0KS00380
",,John L.,Berman,"Berman, John L.",,R,861,0.21%,,,,,,,,,,,,,
173,KS,Kansas,S,n/a,,,,,Party Votes:,R,"416,563",,,,,,,,,,,,,,
174,KS,Kansas,S,S0KS00323,,Barbara,Bollier,"Bollier, Barbara",,D,"168,759",85.34%,,,"571,530",41.79%,,,,,W,,,,
175,KS,Kansas,S,S0KS00265,,Robert Leon,Tillman,"Tillman, Robert Leon",,D,"28,997",14.66%,,,,,,,,,,,,,
176,KS,Kansas,S,n/a,,,,,Party Votes:,D,"197,756",,,,,,,,,,,,,,
177,KS,Kansas,S,S0KS00356,,Jason,Buckley,"Buckley, Jason",,LIB,*,,,,"68,263",4.99%,,,,,*,,"*  The Libertarian Party nominated by convention on April 18, 2020.  Convention nominee is noted with an asterisk.",,
178,KS,Kansas,S,n/a,,,,,Total State Votes:,,"614,319",,,,"1,367,755",,,,,,,,,,
179,,,,n/a,,,,,,,,,,,,,,,,,,,,,
180,KY,Kentucky,S,S2KY00012,(I),Mitch,McConnell,"McConnell, Mitch",,R,"342,660",82.80%,,,"1,233,315",57.76%,,,,,W,W,,,
181,KY,Kentucky,S,S0KY00297,,C. Wesley,Morgan,"Morgan, C. Wesley",,R,"25,588",6.18%,,,,,,,,,,,,,
182,KY,Kentucky,S,S0KY00503,,Louis,Grider,"Grider, Louis",,R,"13,771",3.33%,,,,,,,,,,,,,
183,KY,Kentucky,S,S0KY00347,,Paul John,Frangedakis,"Frangedakis, Paul John",,R,"11,957",2.89%,,,,,,,,,,,,,
184,KY,Kentucky,S,S0KY00461,,Naren ,James,"James, Naren ",,R,"10,693",2.58%,,,,,,,,,,,,,
185,KY,Kentucky,S,"S0KY00479
",,Kenneth,Lowndes,"Lowndes, Kenneth",,R,"5,548",1.34%,,,,,,,,,,,,,
186,KY,Kentucky,S,S0KY00453,,Nicholas,Alsager,"Alsager, Nicholas",,R,"3,603",0.87%,,,,,,,,,,,,,
187,KY,Kentucky,S,n/a,,,,,Party Votes:,R,"413,820",,,,,,,,,,,,,,
188,KY,Kentucky,S,S0KY00339,,Amy,McGrath,"McGrath, Amy",,D,"247,037",45.41%,,,"816,257",38.23%,,,,,W,,,,
189,KY,Kentucky,S,S0KY00420,,Charles,Booker,"Booker, Charles",,D,"231,888",42.62%,,,,,,,,,,,,,
190,KY,Kentucky,S,S0KY00321,,Mike,Broihier,"Broihier, Mike",,D,"27,175",4.99%,,,,,,,,,,,,,
191,KY,Kentucky,S,S0KY00438,,Mary Ann,Tobin,"Tobin, Mary Ann",,D,"11,108",2.04%,,,,,,,,,,,,,
192,KY,Kentucky,S,"S0KY00487
",,Maggie Jo,Hilliard,"Hilliard, Maggie Jo",,D,"6,224",1.14%,,,,,,,,,,,,,
193,KY,Kentucky,S,S0KY00289,,Andrew J.,Maynard,"Maynard, Andrew J.",,D,"5,974",1.10%,,,,,,,,,,,,,
194,KY,Kentucky,S,S0KY00354,,Bennie J.,Smith,"Smith, Bennie J.",,D,"5,040",0.93%,,,,,,,,,,,,,
195,KY,Kentucky,S,S0KY00313,,Jimmy C.,Ausbrooks,"Ausbrooks, Jimmy C.",,D,"3,629",0.67%,,,,,,,,,,,,,
196,KY,Kentucky,S,S0KY00388,,Eric,Rothmuller,"Rothmuller, Eric",,D,"2,995",0.55%,,,,,,,,,,,,,
197,KY,Kentucky,S,"S0KY00495
",,John R.,Sharpensteen,"Sharpensteen, John R.",,D,"2,992",0.55%,,,,,,,,,,,,,
198,KY,Kentucky,S,n/a,,,,,Party Votes:,D,"544,062",,,,,,,,,,,,,,
199,KY,Kentucky,S,S0KY00396,,Brad,Barron,"Barron, Brad",,LIB,*,,,,"85,386",4.00%,,,,,*,,"* The Libertarian Party nominated by convention on March 8, 2020.  Convention nominee is noted with an asterisk.",,
200,KY,Kentucky,S,S0KY00347,,Paul John,Frangedakis,"Frangedakis, Paul John",,W,,,,,70,0.00%,,,,,,,,,
201,KY,Kentucky,S,n/a,,Daniel,Cobble,"Cobble, Daniel",,W,,,,,18,0.00%,,,,,,,,,
202,KY,Kentucky,S,S0KY00529,,Randall Lee,Teegarden,"Teegarden, Randall Lee",,W,,,,,9,0.00%,,,,,,,,,
203,KY,Kentucky,S,n/a,,Harold H.,Fitzpatrick,"Fitzpatrick, Harold H.",,W,,,,,1,0.00%,,,,,,,,,
204,KY,Kentucky,S,n/a,,Demetra,Wysinger,"Wysinger, Demetra",,W,,,,,1,0.00%,,,,,,,,,
205,KY,Kentucky,S,n/a,,,,,Total State Votes:,,"957,882",,,,"2,135,057",,,,,,,,,,
206,,,,n/a,,,,,,,,,,,,,,,,,,,,,
207,LA,Louisiana,S,S4LA00107   ,(I),"""Bill""",Cassidy,"Cassidy, ""Bill""",,R,,,,,"1,228,908",59.32%,,,,,,W,,,
208,LA,Louisiana,S,S0LA00386,,Adrian,Perkins,"Perkins, Adrian",,D,,,,,"394,049",19.02%,,,,,,,,,
209,LA,Louisiana,S,S6LA00342,,"Derrick ""Champ""",Edwards,"Edwards, Derrick ""Champ""",,D,,,,,"229,814",11.09%,,,,,,,,,
210,LA,Louisiana,S,S0LA00311   ,,Antoine,Pierce,"Pierce, Antoine",,D,,,,,"55,710",2.69%,,,,,,,,,
211,LA,Louisiana,S,S0LA00352   ,,Dustin,Murphy,"Murphy, Dustin",,R,,,,,"38,383",1.85%,,,,,,,,,
212,LA,Louisiana,S,S0LA00402,,David Drew,Knight,"Knight, David Drew",,D,,,,,"36,962",1.78%,,,,,,,,,
213,LA,Louisiana,S,S6LA00441,,Beryl,Billiot,"Billiot, Beryl",,NPA,,,,,"17,362",0.84%,,,,,,,,,
214,LA,Louisiana,S,S0LA00360 ,,John Paul,Bourgeois,"Bourgeois, John Paul",,NPA,,,,,"16,518",0.80%,,,,,,,,,
215,LA,Louisiana,S,S0LA00345   ,,Peter,Wenstrup,"Wenstrup, Peter",,D,,,,,"14,454",0.70%,,,,,,,,,
216,LA,Louisiana,S,S0LA00394,,Aaron C.,Sigler,"Sigler, Aaron C.",,LIB,,,,,"11,321",0.55%,,,,,,,,,
217,LA,Louisiana,S,S6LA00409,,"M.V. ""Vinny""",Mendoza,"Mendoza, M.V. ""Vinny""",,IND,,,,,"7,811",0.38%,,,,,,,,,
218,LA,Louisiana,S,S0LA00428,,Melinda Mary,Price,"Price, Melinda Mary",,OTH,,,,,"7,680",0.37%,,,,,,,,,
219,LA,Louisiana,S,S0LA00303   ,,Jamar,Montgomery,"Montgomery, Jamar",,NPA,,,,,"5,804",0.28%,,,,,,,,,
220,LA,Louisiana,S,S0LA00410,,"Reno Jean, III",Daret,"Daret, Reno Jean, III",,NPA,,,,,"3,954",0.19%,,,,,,,,,
221,LA,Louisiana,S,S0LA00378,,"""Xan""",John,"John, ""Xan""",,OTH,,,,,"2,813",0.14%,,,,,,,,,
222,LA,Louisiana,S,n/a,,,,,Total State Votes:,,,,,,"2,071,543",,,,,,,,,,
223,,,,n/a,,,,,,,,,,,,,,,,,,,,,
224,ME,Maine,S,S6ME00159,(I),Susan Margaret,Collins,"Collins, Susan Margaret",,R,"87,375",98.79%,,,"417,645",50.98%,,,,,W,W,,,
225,ME,Maine,S,S0ME00178,,Amy,Colter,"Colter, Amy",,W(R),"1,073",1.21%,,,,,,,,,,,,,
226,ME,Maine,S,n/a,,,,,Party Votes:,R,"88,448",,,,,,,,,,,,,,
227,ME,Maine,S,S0ME00111,,Sara I.,Gideon,"Gideon, Sara I.",,D,"116,264",71.47%,,,"347,223",42.39%,,,,,W,,,,
228,ME,Maine,S,S0ME00103,,Elizabeth A.,Sweet,"Sweet, Elizabeth A.",,D,"37,327",22.94%,,,,,,,,,,,,,
229,ME,Maine,S,S0ME00087,,Bre,Kidman,"Kidman, Bre",,D,"9,090",5.59%,,,,,,,,,,,,,
230,ME,Maine,S,n/a,,,,,Party Votes:,D,"162,681",,,,,,,,,,,,,,
231,ME,Maine,S,S0ME00137,,Lisa,Savage,"Savage, Lisa",,IND,,,,,"40,579",4.95%,,,,,,,,,
232,ME,Maine,S,S8ME00163,,Max Patrick,Linn,"Linn, Max Patrick",,IND,,,,,"13,508",1.65%,,,,,,,,,
233,ME,Maine,S,n/a,,,Scattered,Scattered,,W,,,,,228,0.03%,,,,,,,,,
234,ME,Maine,S,n/a,,,,,Total State Votes:,,"251,129",,,,"819,183",,,,,,,,,,
235,,,,n/a,,,,,,,,,,,,,,,,,,,,,
236,MA,Massachusetts,S,S4MA00028,(I),Edward J.,Markey,"Markey, Edward J.",,D,"782,694",55.35%,,,"2,357,809",66.15%,,,,,W,W,,,
237,MA,Massachusetts,S,S0MA00208 ,,"Joseph P., III",Kennedy,"Kennedy, Joseph P., III",,D,"629,359",44.51%,,,,,,,,,,,,,
238,MA,Massachusetts,S,n/a,,,All Others,All Others,,W(D),"1,935",0.14%,,,,,,,,,,,,,
239,MA,Massachusetts,S,n/a,,,,,Party Votes:,D,"1,413,988",,,,,,,,,,,,,,
240,MA,Massachusetts,S,S0MA00232,,Kevin J.,O'Connor,"O'Connor, Kevin J.",,R,"158,590",59.71%,,,"1,177,765",33.04%,,,,,W,,,,
241,MA,Massachusetts,S,S8MA00268 ,,Shiva,Ayyadurai,"Ayyadurai, Shiva",,R,"104,782",39.45%,,,,,,,,,,,,,
242,MA,Massachusetts,S,n/a,,,All Others,All Others,,W(R),"2,245",0.85%,,,,,,,,,,,,,
243,MA,Massachusetts,S,n/a,,,,,Party Votes:,R,"265,617",,,,,,,,,,,,,,
244,MA,Massachusetts,S,S8MA00268,,Shiva,Ayyadurai,"Ayyadurai, Shiva",,W,,,,,"21,134",0.59%,,,,,,,,,
245,MA,Massachusetts,S,n/a,,,All Others,All Others,,W,,,,,"7,428",0.21%,,,,,,,,,
246,MA,Massachusetts,S,n/a,,,All Others,All Others,,W(LIB),"3,390",99.21%,,,,,,,,,,,,,
247,MA,Massachusetts,S,n/a,,Vermin Love,Supreme,"Supreme, Vermin Love",,W(LIB),27,0.79%,,,,,,,,,,,,,
248,MA,Massachusetts,S,n/a,,,,,Party Votes:,LIB,"3,417",,,,,,,,,,,,,,
249,MA,Massachusetts,S,n/a,,,,,Total State Votes:,,"1,683,022",,,,"3,564,136",,,,,,,,,,
250,,,,n/a,,,,,,,,,,,,,,,,,,,,,
251,MI,Michigan,S,S4MI00298,(I),Gary,Peters,"Peters, Gary",,D,"1,180,780",100.00%,,,"2,734,568",49.90%,,,,,W,W,,,
252,MI,Michigan,S,n/a,,,,,Party Votes:,D,"1,180,780",,,,,,,,,,,,,,
253,MI,Michigan,S,S8MI00372,,John,James,"James, John",,R,"1,005,315",100.00%,,,"2,642,233",48.22%,,,,,W,,,,
254,MI,Michigan,S,n/a,,,,,Party Votes:,R,"1,005,315",,,,,,,,,,,,,,
255,MI,Michigan,S,S0MI00205,,Valerie L.,Willis,"Willis, Valerie L.",,UST,*,,,,"50,597",0.92%,,,,,*,,"*  The Green Party nominated by convention on June 20, 2020, the U.S. Taxpayers Party nominated by convention on July 25, 2020, and the Natural Law Party nominated by convention on July 30, 2020.  Convention nominees are noted with an asterisk.",,
256,MI,Michigan,S,S8MI00430,,Marcia ,Squier,"Squier, Marcia ",,GRE,*,,,,"39,217",0.72%,,,,,*,,"*  The Green Party nominated by convention on June 20, 2020, the U.S. Taxpayers Party nominated by convention on July 25, 2020, and the Natural Law Party nominated by convention on July 30, 2020.  Convention nominees are noted with an asterisk.",,
257,MI,Michigan,S,S2MI00144,,Doug,Dern,"Dern, Doug",,NLP,*,,,,"13,093",0.24%,,,,,*,,"*  The Green Party nominated by convention on June 20, 2020, the U.S. Taxpayers Party nominated by convention on July 25, 2020, and the Natural Law Party nominated by convention on July 30, 2020.  Convention nominees are noted with an asterisk.",,
258,MI,Michigan,S,n/a,,Leonard Paul,Gadinski,"Gadinski, Leonard Paul",,W,,,,,7,0.00%,,,,,,,,,
259,MI,Michigan,S,S4MI00298,,Robert William,Carr,"Carr, Robert William",,W,,,,,5,0.00%,,,,,,,,,
260,MI,Michigan,S,n/a,,,,,Total State Votes:,,"2,186,095",,,,"5,479,720",,,,,,,,,,
261,,,,n/a,,,,,,,,,,,,,,,,,,,,,
262,MN,Minnesota,S,S8MN00578,(I),Tina,Smith,"Smith, Tina",,DFL,"497,498",87.14%,,,"1,566,522",48.74%,,,,,W,W,,,
263,MN,Minnesota,S,S0MN00336,,Paula,Overby,"Overby, Paula",,DFL,"30,497",5.34%,,,,,,,,,,,,,
264,MN,Minnesota,S,S0MN00344,,Ahmad R.,Hassan,"Hassan, Ahmad R.",,DFL,"20,037",3.51%,,,,,,,,,,,,,
265,MN,Minnesota,S,S4MN00437,,Steve,Carlson,"Carlson, Steve",,DFL,"16,429",2.88%,,,,,,,,,,,,,
266,MN,Minnesota,S,S8MN00685,,"Christopher Lovell, Sr.",Seymore,"Seymore, Christopher Lovell, Sr.",,DFL,"6,480",1.13%,,,,,,,,,,,,,
267,MN,Minnesota,S,n/a,,,,,Party Votes:,DFL,"570,941",,,,,,,,,,,,,,
268,MN,Minnesota,S,S0MN00328,,Jason,Lewis,"Lewis, Jason",,R,"191,290",78.11%,,,"1,398,145",43.50%,,,,,W,,,,
269,MN,Minnesota,S,S0MN00369,,Cynthia,Gail,"Gail, Cynthia",,R,"17,675",7.22%,,,,,,,,,,,,,
270,MN,Minnesota,S,S0MN00351,,John L.,Berman,"Berman, John L.",,R,"16,213",6.62%,,,,,,,,,,,,,
271,MN,Minnesota,S,S2MN00308,,"Bob ""Again,""  Jr.",Carney,"Carney, Bob ""Again,""  Jr.",,R,"10,503",4.29%,,,,,,,,,,,,,
272,MN,Minnesota,S,"S0MN00377
",,James,Reibestein,"Reibestein, James",,R,"9,210",3.76%,,,,,,,,,,,,,
273,MN,Minnesota,S,n/a,,,,,Party Votes:,R,"244,891",,,,,,,,,,,,,,
274,MN,Minnesota,S,"S0MN00393
",,Kevin,O'Connor,"O'Connor, Kevin",,LMN,"6,996",100.00%,,,"190,154",5.92%,,,,,W,,,,
275,MN,Minnesota,S,n/a,,,,,Party Votes:,LMN,"6,996",,,,,,,,,,,,,,
276,MN,Minnesota,S,S0MN00385,,Oliver,Steinberg,"Steinberg, Oliver",,GLC,"3,275",100.00%,,,"57,174",1.78%,,,,,W,,,,
277,MN,Minnesota,S,n/a,,,,,Party Votes:,GLC,"3,275",,,,,,,,,,,,,,
278,MN,Minnesota,S,n/a,,,Scattered,Scattered,,W,,,,,"2,229",0.07%,,,,,,,,,
279,MN,Minnesota,S,S0MN00294,,"Rob, Jr.",Barrett,"Barrett, Rob, Jr.",,W,,,,,22,0.00%,,,,,,,,,
280,MN,Minnesota,S,n/a,,"George A., Jr.",Dennis,"Dennis, George A., Jr.",,W,,,,,5,0.00%,,,,,,,,,
281,MN,Minnesota,S,n/a,,Stephen W.,Carlson,"Carlson, Stephen W.",,W,,,,,3,0.00%,,,,,,,,,
282,MN,Minnesota,S,S0MN00351,,John,Berman,"Berman, John",,W,,,,,2,0.00%,,,,,,,,,
283,MN,Minnesota,S,n/a,,,,,Total State Votes:,,"826,103",,,,"3,214,256",,,,,,,,,,
284,,,,n/a,,,,,,,,,,,,,,,,,,,,,
285,MS,Mississippi,S,S8MS00261,(I),Cindy,Hyde-Smith,"Hyde-Smith, Cindy",,R,"235,463",100.00%,,,"709,511",54.11%,,,,,W,W,,,
286,MS,Mississippi,S,n/a,,,,,Party Votes:,R,"235,463",,,,,,,,,,,,,,
287,MS,Mississippi,S,S8MS00287,,Mike,Espy,"Espy, Mike",,D,"250,496",93.12%,,,"578,691",44.13%,,,,,W,,,,
288,MS,Mississippi,S,S8MS00295,,Tobey Bernard,Bartee,"Bartee, Tobey Bernard",,D,"11,148",4.14%,,,,,,,,,,,,,
289,MS,Mississippi,S,S8MS00220,,Jensen,Bohren,"Bohren, Jensen",,D,"7,345",2.73%,,,,,,,,,,,,,
290,MS,Mississippi,S,n/a,,,,,Party Votes:,D,"268,989",,,,,,,,,,,,,,
291,MS,Mississippi,S,S0MS00086,,Jimmy,Edwards,"Edwards, Jimmy",,LIB,,,,,"23,152",1.77%,,,,,,,,,
292,MS,Mississippi,S,n/a,,,,,Total State Votes:,,"504,452",,,,"1,311,354",,,,,,,,,,
293,,,,n/a,,,,,,,,,,,,,,,,,,,,,
294,MT,Montana,S,S2MT00096,(I),Steve,Daines,"Daines, Steve",,R,"192,942",88.02%,,,"333,174",55.01%,,,,,W,W,,,
295,MT,Montana,S,S8MT00028,,John Brian,Driscoll,"Driscoll, John Brian",,R,"13,944",6.36%,,,,,,,,,,,,,
296,MT,Montana,S,S0MT00157,,Daniel R.,Larson,"Larson, Daniel R.",,R,"12,319",5.62%,,,,,,,,,,,,,
297,MT,Montana,S,n/a,,,Scattered,Scattered,,W(R),8,0.00%,,,,,,,,,,,,,
298,MT,Montana,S,n/a,,,,,Party Votes:,R,"219,213",,,,,,,,,,,,,,
299,MT,Montana,S,S0MT00173,,Steve,Bullock,"Bullock, Steve",,D,"144,949",95.45%,,,"272,463",44.99%,,,,,W,,,,
300,MT,Montana,S,S0MT00108,,John,Mues,"Mues, John",,D,"3,740",2.46%,,,,,,,,,,,,,
301,MT,Montana,S,S0MT00124,,Mike,Knoles,"Knoles, Mike",,D,"3,165",2.08%,,,,,,,,,,,,,
302,MT,Montana,S,n/a,,,Scattered,Scattered,,W(D),1,0.00%,,,,,,,,,,,,,
303,MT,Montana,S,n/a,,,,,Party Votes:,D,"151,855",,,,,,,,,,,,,,
304,MT,Montana,S,S0MT00165,,Wendie,Fredrickson,"Fredrickson, Wendie",,GRE,504,66.32%,,,#,,,,,,,,# The Montana Green Party candidates were removed from the general election ballot in August 2020 by court order.,,
305,MT,Montana,S,S0MT00199,,Dennis,Daneke,"Daneke, Dennis",,GRE,255,33.55%,,,,,,,,,,,# The Montana Green Party candidates were removed from the general election ballot in August 2020 by court order.,,
306,MT,Montana,S,n/a,,,Scattered,Scattered,,W(GRE),1,0.13%,,,,,,,,,,,# The Montana Green Party candidates were removed from the general election ballot in August 2020 by court order.,,
307,MT,Montana,S,n/a,,,,,Party Votes:,GRE,760,,,,,,,,,,,,# The Montana Green Party candidates were removed from the general election ballot in August 2020 by court order.,,
308,MT,Montana,S,n/a,,,,,Total State Votes:,,"371,828",,,,"605,637",,,,,,,,,,
309,,,,n/a,,,,,,,,,,,,,,,,,,,,,
310,NE,Nebraska,S,S4NE00090,(I),Ben,Sasse,"Sasse, Ben",,R,"215,207",75.21%,,,"583,507",62.74%,,,,,W,W,,,
311,NE,Nebraska,S,S0NE00080,,Matt,Innis,"Innis, Matt",,R,"70,921",24.79%,,,,,,,,,,,,,
312,NE,Nebraska,S,n/a,,,,,Party Votes:,R,"286,128",,,,,,,,,,,,,,
313,NE,Nebraska,S,S8NE00216,,Chris,Janicek,"Janicek, Chris",,D,"46,247",30.69%,,,"227,191",24.43%,,,,,W,,,,
314,NE,Nebraska,S,S0NE00072,,Angie,Philips,"Philips, Angie",,D,"35,929",23.84%,,,,,,,,,,,,,
315,NE,Nebraska,S,S0NE00098,,Alisha,Shelton,"Shelton, Alisha",,D,"34,284",22.75%,,,,,,,,,,,,,
316,NE,Nebraska,S,S0NE00130,,Andy,Stock,"Stock, Andy",,D,"17,156",11.38%,,,,,,,,,,,,,
317,NE,Nebraska,S,S8NE00141,,Larry,Marvin,"Marvin, Larry",,D,"6,868",4.56%,,,,,,,,,,,,,
318,NE,Nebraska,S,S0NE00148,,Daniel M.,Wik,"Wik, Daniel M.",,D,"5,765",3.83%,,,,,,,,,,,,,
319,NE,Nebraska,S,S0NE00216,,Dennis Frank,Maček,"Maček, Dennis Frank",,D,"4,453",2.95%,,,,,,,,,,,,,
320,NE,Nebraska,S,n/a,,,,,Party Votes:,D,"150,702",,,,,,,,,,,,,,
321,NE,Nebraska,S,S0NE00171,,"Preston, Jr.",Love,"Love, Preston, Jr.",,W,,,,,"58,411",6.28%,,,,,,,,,
322,NE,Nebraska,S,S0NE00155,,Gene,Siadek,"Siadek, Gene",,LIB,"2,517",100.00%,,,"55,115",5.93%,,,,,W,,,,
323,NE,Nebraska,S,n/a,,,,,Party Votes:,LIB,"2,517",,,,,,,,,,,,,,
324,NE,Nebraska,S,n/a,,,Scattered,Scattered,,W,,,,,"5,788",0.62%,,,,,,,,,
325,NE,Nebraska,S,n/a,,,,,Total State Votes:,,"439,347",,,,"930,012",,,,,,,,,,
326,,,,n/a,,,,,,,,,,,,,,,,,,,,,
327,NH,New Hampshire,S,S0NH00219,(I),Jeanne,Shaheen,"Shaheen, Jeanne",,D,"142,012",93.80%,,,"450,778",56.64%,,,,,W,W,,,
328,NH,New Hampshire,S,S0NH00359,,Paul J.,Krautmann,"Krautmann, Paul J.",,D,"5,914",3.91%,,,,,,,,,,,,,
329,NH,New Hampshire,S,S4NH00062,,Tom,Alciere,"Alciere, Tom",,D,"2,992",1.98%,,,,,,,,,,,,,
330,NH,New Hampshire,S,S0NH00326,,Don,Bolduc,"Bolduc, Don",,W(D),199,0.13%,,,,,,,,,,,,,
331,NH,New Hampshire,S,S0NH00334,,Corky,Messner,"Messner, Corky",,W(D),137,0.09%,,,,,,,,,,,,,
332,NH,New Hampshire,S,n/a,,,Scattered ,Scattered ,,W(D),137,0.09%,,,,,,,,,,,,,
333,NH,New Hampshire,S,S4NH00096,,Andy,Martin,"Martin, Andy",,W(D),11,0.01%,,,,,,,,,,,,,
334,NH,New Hampshire,S,S0NH00284,,Gerard,Beloin,"Beloin, Gerard",,W(D),3,0.00%,,,,,,,,,,,,,
335,NH,New Hampshire,S,n/a,,,,,Party Votes:,D,"151,405",,,,,,,,,,,,,,
336,NH,New Hampshire,S,S0NH00334,,Corky,Messner,"Messner, Corky",,R,"69,801",50.17%,,,"326,229",40.99%,,,,,W,,,,
337,NH,New Hampshire,S,S0NH00326,,Don,Bolduc,"Bolduc, Don",,R,"58,749",42.23%,,,,,,,,,,,,,
338,NH,New Hampshire,S,S4NH00096,,Andy,Martin,"Martin, Andy",,R,"6,443",4.63%,,,,,,,,,,,,,
339,NH,New Hampshire,S,S0NH00284,,Gerard,Beloin,"Beloin, Gerard",,R,"3,098",2.23%,,,,,,,,,,,,,
340,NH,New Hampshire,S,S0NH00219,,Jeanne,Shaheen,"Shaheen, Jeanne",,W(R),771,0.55%,,,,,,,,,,,,,
341,NH,New Hampshire,S,n/a,,,Scattered ,Scattered,,W(R),241,0.17%,,,,,,,,,,,,,
342,NH,New Hampshire,S,S4NH00062,,Tom,Alciere,"Alciere, Tom",,W(R),7,0.01%,,,,,,,,,,,,,
343,NH,New Hampshire,S,S0NH00359,,Paul J.,Krautmann,"Krautmann, Paul J.",,W(R),7,0.01%,,,,,,,,,,,,,
344,NH,New Hampshire,S,n/a,,,,,Party Votes:,R,"139,117",,,,,,,,,,,,,,
345,NH,New Hampshire,S,S0NH00300,,Justin,O'Donnell,"O'Donnell, Justin",,LIB,,,,,"18,421",2.31%,,,,,,,,,
346,NH,New Hampshire,S,n/a,,,Scattered,Scattered,,W,,,,,486,0.06%,,,,,,,,,
347,NH,New Hampshire,S,n/a,,,,,Total State Votes:,,"290,522",,,,"795,914",,,,,,,,,,
348,,,,n/a,,,,,,,,,,,,,,,,,,,,,
349,NJ,New Jersey,S,S4NJ00185,(I),Cory,Booker,"Booker, Cory",,D,"838,636",87.59%,,,"2,541,239",57.23%,,,,,W,W,,,
350,NJ,New Jersey,S,S0NJ00233,,Lawrence,Hamm,"Hamm, Lawrence",,D,"118,843",12.41%,,,,,,,,,,,,,
351,NJ,New Jersey,S,n/a,,,,,Party Votes:,D,"957,479",,,,,,,,,,,,,,
352,NJ,New Jersey,S,S0NJ00217,,"Rikin ""Rik""",Mehta,"Mehta, Rikin ""Rik""",,R,"154,866",38.01%,,,"1,817,091",40.92%,,,,,W,,,,
353,NJ,New Jersey,S,S0NJ00191,,Hirsh ,Singh,"Singh, Hirsh ",,R,"146,139",35.87%,,,,,,,,,,,,,
354,NJ,New Jersey,S,S8NJ00541,,Patricia,Flanagan,"Flanagan, Patricia",,R,"72,692",17.84%,,,,,,,,,,,,,
355,NJ,New Jersey,S,S8NJ00533,,Natalie Lynn,Rivera,"Rivera, Natalie Lynn",,R,"21,655",5.32%,,,,,,,,,,,,,
356,NJ,New Jersey,S,S0NJ00282,,Eugene T.,Anagnos,"Anagnos, Eugene T.",,R,"12,057",2.96%,,,,,,,,,,,,,
357,NJ,New Jersey,S,n/a,,,,,Party Votes:,R,"407,409",,,,,,,,,,,,,,
358,NJ,New Jersey,S,S8NJ00558,,Madelyn R.,Hoffman,"Hoffman, Madelyn R.",,GRE,,,,,"38,288",0.86%,,,,,,,,,
359,NJ,New Jersey,S,S0NJ00258,,Veronica,Fernandez,"Fernandez, Veronica",,OBF,,,,,"32,290",0.73%,,,,,,,,,
360,NJ,New Jersey,S,S0NJ00266,,Daniel,Burke,"Burke, Daniel",,LWR,,,,,"11,632",0.26%,,,,,,,,,
361,NJ,New Jersey,S,n/a,,,,,Total State Votes:,,"1,364,888",,,,"4,440,540",,,,,,,,,,
362,,,,n/a,,,,,,,,,,,,,,,,,,,,,
363,NM,New Mexico,S,S0NM00058,,Ben R.,Lujan,"Lujan, Ben R.",,D,"225,082",100.00%,,,"474,483",51.73%,,,,,W,W,,,
364,NM,New Mexico,S,n/a,,,,,Party Votes:,D,"225,082",,,,,,,,,,,,,,
365,NM,New Mexico,S,S0NM00124,,Mark V.,Ronchetti,"Ronchetti, Mark V.",,R,"89,216",56.49%,,,"418,483",45.62%,,,,,W,,,,
366,NM,New Mexico,S,S0NM00090,,Elisa Maria,Martinez,"Martinez, Elisa Maria",,R,"41,240",26.11%,,,,,,,,,,,,,
367,NM,New Mexico,S,S0NM00066,,Gavin S.,Clarkson,"Clarkson, Gavin S.",,R,"27,471",17.39%,,,,,,,,,,,,,
368,NM,New Mexico,S,n/a,,,,,Party Votes:,R,"157,927",,,,,,,,,,,,,,
369,NM,New Mexico,S,S0NM00132,,Bob,Walsh,"Walsh, Bob",,LIB,"1,454",100.00%,,,"24,271",2.65%,,,,,W,,,,
370,NM,New Mexico,S,n/a,,,,,Party Votes:,LIB,"1,454",,,,,,,,,,,,,,
371,NM,New Mexico,S,n/a,,,,,Total State Votes:,,"384,463",,,,"917,237",,,,,,,,,,
372,,,,n/a,,,,,,,,,,,,,,,,,,,,,
373,NC,North Carolina,S,S4NC00162,(I),Thom,Tilllis,"Tilllis, Thom",,R,"608,943",78.08%,,,"2,665,598",48.69%,,,,,W,W,,,
374,NC,North Carolina,S,S6NC00316,,Paul,Wright,"Wright, Paul",,R,"58,908",7.55%,,,,,,,,,,,,,
375,NC,North Carolina,S,S6NC00308,,Larry,Holmquist,"Holmquist, Larry",,R,"57,356",7.35%,,,,,,,,,,,,,
376,NC,North Carolina,S,S0NC00392,,Sharon Y.,Hudson,"Hudson, Sharon Y.",,R,"54,651",7.01%,,,,,,,,,,,,,
377,NC,North Carolina,S,n/a,,,,,Party Votes:,R,"779,858",,,,,,,,,,,,,,
378,NC,North Carolina,S,S0NC00202,,Cal,Cunningham,"Cunningham, Cal",,D,"717,941",56.93%,,,"2,569,965",46.94%,,,,,W,,,,
379,NC,North Carolina,S,S0NC00343,,Erica D.,Smith,"Smith, Erica D.",,D,"438,969",34.81%,,,,,,,,,,,,,
380,NC,North Carolina,S,S0NC00285,,Trevor M.,Fuller,"Fuller, Trevor M.",,D,"48,168",3.82%,,,,,,,,,,,,,
381,NC,North Carolina,S,S0NC00368,,Steve,Swenson,"Swenson, Steve",,D,"33,741",2.68%,,,,,,,,,,,,,
382,NC,North Carolina,S,S0NC00350,,Atul,Goel,"Goel, Atul",,D,"22,226",1.76%,,,,,,,,,,,,,
383,NC,North Carolina,S,n/a,,,,,Party Votes:,D,"1,261,045",,,,,,,,,,,,,,
384,NC,North Carolina,S,S0NC00335,,Shannon W.,Bray,"Bray, Shannon W.",,LIB,Unopposed,,,,"171,571",3.13%,,,,,W,,,,
385,NC,North Carolina,S,S0NC00400,,Kevin E.,Hayes,"Hayes, Kevin E.",,CON,Unopposed,,,,"67,818",1.24%,,,,,W,,,,
386,NC,North Carolina,S,n/a,, , , ,Total State Votes:, ,"2,040,903",,,,"5,474,952",,,,,,,,,,
387,,,,n/a,,,,,,,,,,,,,,,,,,,,,
388,OK,Oklahoma,S,S4OK00083,(I),Jim,Inhofe,"Inhofe, Jim",,R,"277,868",74.05%,,,"979,140",62.91%,,,,,W,W,,,
389,OK,Oklahoma,S,S0OK00347,,JJ,Stitt,"Stitt, JJ",,R,"57,433",15.31%,,,,,,,,,,,,,
390,OK,Oklahoma,S,S0OK00453,,John,Tompkins,"Tompkins, John",,R,"23,563",6.28%,,,,,,,,,,,,,
391,OK,Oklahoma,S,S0OK00438,,Neil,Mavis,"Mavis, Neil",,R,"16,363",4.36%,,,,,,,,,,,,,
392,OK,Oklahoma,S,n/a,,,,,Party Votes:,R,"375,227",,,,,,,,,,,,,,
393,OK,Oklahoma,S,S0OK00370,,Abby,Broyles,"Broyles, Abby",,D,"163,921",60.45%,,,"509,763",32.75%,,,,,W,,,,
394,OK,Oklahoma,S,S0OK00321,,Elysabeth,Britt,"Britt, Elysabeth",,D,"45,206",16.67%,,,,,,,,,,,,,
395,OK,Oklahoma,S,S4OK00208,,Sheila,Bilyeu,"Bilyeu, Sheila",,D,"32,350",11.93%,,,,,,,,,,,,,
396,OK,Oklahoma,S,S0OK00420,,"R.O. Joe, Jr.",Cassity,"Cassity, R.O. Joe, Jr.",,D,"29,698",10.95%,,,,,,,,,,,,,
397,OK,Oklahoma,S,n/a,,,,,Party Votes:,D,"271,175",,,,,,,,,,,,,,
398,OK,Oklahoma,S,S6OK04098,,Robert,Murphy,"Murphy, Robert",,LIB,Unopposed,,,,"34,435",2.21%,,,,,W,,,,
399,OK,Oklahoma,S,S0OK00412,,Joan,Farr,"Farr, Joan",,IND,,,,,"21,652",1.39%,,,,,,,,,
400,OK,Oklahoma,S,S0OK00404,,A.D.,Nesbit,"Nesbit, A.D.",,IND,,,,,"11,371",0.73%,,,,,,,,,
401,OK,Oklahoma,S,n/a,,,,,Total State Votes:,,"646,402",,,,"1,556,361",,,,,,,,,,
402,,,,n/a,,,,,,,,,,,,,,,,,,,,,
403,OR,Oregon,S,S8OR00207,(I),Jeff,Merkley,"Merkley, Jeff",,DEM/IP/WF,"564,878",98.71%,,,"1,321,047",56.91%,,,,,W,W,,,
404,OR,Oregon,S,n/a,,,Scattered,Scattered,,W(D),"7,386",1.29%,,,,,,,,,,,,,
405,OR,Oregon,S,n/a,,,,,Party Votes:,D,"572,264",,,,,,,,,,,,,,
406,OR,Oregon,S,S4OR00156,,Joe Rae,Perkins,"Perkins, Joe Rae",,R,"178,004",49.22%,,,"912,814",39.32%,,,,,W,,,,
407,OR,Oregon,S,S0OR00337,,"Paul J., Jr.",Romero,"Romero, Paul J., Jr.",,R,"109,783",30.36%,,,,,,,,,,,,,
408,OR,Oregon,S,S0OR00352,,Robert ,Schwartz,"Schwartz, Robert ",,R,"40,196",11.12%,,,,,,,,,,,,,
409,OR,Oregon,S,S0OR00360,,John,Verbeek,"Verbeek, John",,R,"29,382",8.13%,,,,,,,,,,,,,
410,OR,Oregon,S,n/a,,,Scattered,Scattered,,W(R),"4,250",1.18%,,,,,,,,,,,,,
411,OR,Oregon,S,n/a,,,,,Party Votes:,R,"361,615",,,,,,,,,,,,,,
412,OR,Oregon,S,S0OR00378,,Gary,Dye,"Dye, Gary",,LIB,*,,,,"42,747",1.84%,,,,,*,,"*  The Pacific Green Party nominated by convention on June 6, 2020, and the Libertarian Party nominated by party-organized primary on July 6, 2020.  These party nominees are noted with an asterisk.",,
413,OR,Oregon,S,n/a,,Jodie Ann,Newell,"Newell, Jodie Ann",,LIB,,,,,,,,,,,,,"*  The Pacific Green Party nominated by convention on June 6, 2020, and the Libertarian Party nominated by party-organized primary on July 6, 2020.  These party nominees are noted with an asterisk.",,
414,OR,Oregon,S,S0OR00329,,Ibrahim A.,Taher,"Taher, Ibrahim A.",,PG/PRO,*,,,,"42,239",1.82%,,,,,*,,"*  The Pacific Green Party nominated by convention on June 6, 2020, and the Libertarian Party nominated by party-organized primary on July 6, 2020.  These party nominees are noted with an asterisk.",,
415,OR,Oregon,S,n/a,,,Scattered,Scattered,,W,,,,,"2,402",0.10%,,,,,,,"*  The Pacific Green Party nominated by convention on June 6, 2020, and the Libertarian Party nominated by party-organized primary on July 6, 2020.  These party nominees are noted with an asterisk.",,
416,OR,Oregon,S,n/a,,,,,Total State Votes:,,"933,879",,,,"2,321,249",,,,,,,,,,
417,,,,n/a,,,,,,,,,,,,,,,,,,,,,
418,RI,Rhode Island,S,S6RI00163,(I),John F.,Reed,"Reed, John F.",,D,"65,879",100.00%,,,"328,574",66.48%,,,,,W,W,,,
419,RI,Rhode Island,S,n/a,,,,,Party Votes:,D,"65,879",,,,,,,,,,,,,,
420,RI,Rhode Island,S,S0RI00067,,Allen R.,Waters,"Waters, Allen R.",,R,"8,819",100.00%,,,"164,855",33.35%,,,,,W,,,,
421,RI,Rhode Island,S,n/a,,,,,Party Votes:,R,"8,819",,,,,,,,,,,,,,
422,RI,Rhode Island,S,n/a,,,Scattered,Scattered,,W,,,,,833,0.17%,,,,,,,,,
423,RI,Rhode Island,S,n/a,,,,,Total State Votes:,,"74,698",,,,"494,262",,,,,,,,,,
424,,,,n/a,,,,,,,,,,,,,,,,,,,,,
425,SC,South Carolina,S,S0SC00149,(I),Lindsey,Graham,"Graham, Lindsey",,R,"317,512",67.69%,,,"1,369,137",54.44%,,,,,W,W,,,
426,SC,South Carolina,S,S0SC00313,,Michael,LaPierre,"LaPierre, Michael",,R,"79,932",17.04%,,,,,,,,,,,,,
427,SC,South Carolina,S,S0SC00297,,Joe,Reynolds,"Reynolds, Joe",,R,"43,029",9.17%,,,,,,,,,,,,,
428,SC,South Carolina,S,S0SC00321,,Duke,Buckner,"Buckner, Duke",,R,"28,570",6.09%,,,,,,,,,,,,,
429,SC,South Carolina,S,n/a,,,,,Party Votes:,R,"469,043",,,,,,,,,,,,,,
430,SC,South Carolina,S,S0SC00289,,Jaime,Harrison,"Harrison, Jaime",,D,Unopposed,,,,"1,110,828",44.17%,,,,,W,,,,
431,SC,South Carolina,S,S6SC04155,,Bill,Bledsoe,"Bledsoe, Bill",,CON,*,,,,"32,845",1.31%,,,,,*,,"*  The Constitution Party nominated by convention on April 18, 2020.  Convention nominee is noted with an asterisk.",,
432,SC,South Carolina,S,n/a,,,Scattered,Scattered,,W,,,,,"2,294",0.09%,,,,,,,,,
433,SC,South Carolina,S,n/a,,,,,Total State Votes:,,"469,043",,,,"2,515,104",,,,,,,,,,
434,,,,n/a,,,,,,,,,,,,,,,,,,,,,
435,SD,South Dakota,S,S4SD00049,(I),Mike,Rounds,"Rounds, Mike",,R,"70,365",75.23%,,,"276,232",65.74%,,,,,W,W,,,
436,SD,South Dakota,S,S0SD00088,,Scyller J.,Borglum,"Borglum, Scyller J.",,R,"23,164",24.77%,,,,,,,,,,,,,
437,SD,South Dakota,S,n/a,,,,,Party Votes:,R,"93,529",,,,,,,,,,,,,,
438,SD,South Dakota,S,S0SD00070,,Dan,Ahlers,"Ahlers, Dan",,D,Unopposed,,,,"143,987",34.26%,,,,,W,,,,
439,SD,South Dakota,S,n/a,,,,,Total State Votes:,,"93,529",,,,"420,219",,,,,,,,,,
440,,,,n/a,,,,,,,,,,,,,,,,,,,,,
441,TN,Tennessee,S,S0TN00284,,Bill,Hagerty,"Hagerty, Bill",,R,"331,267",50.75%,,,"1,840,926",62.20%,,,,,W,W,,,
442,TN,Tennessee,S,S0TN00268,,Manny,Sethi,"Sethi, Manny",,R,"257,223",39.41%,,,,,,,,,,,,,
443,TN,Tennessee,S,S0TN00144,,"George S., Jr.",Flinn,"Flinn, George S., Jr.",,R,"22,454",3.44%,,,,,,,,,,,,,
444,TN,Tennessee,S,S0TN00185,,Jon ,Henry,"Henry, Jon ",,R,"8,104",1.24%,,,,,,,,,,,,,
445,TN,Tennessee,S,S0TN00169,,Natisha,Brooks,"Brooks, Natisha",,R,"8,072",1.24%,,,,,,,,,,,,,
446,TN,Tennessee,S,S0TN00201,,Byron,Bush,"Bush, Byron",,R,"5,420",0.83%,,,,,,,,,,,,,
447,TN,Tennessee,S,"S0TN00359
",,Clifford ,Adkins,"Adkins, Clifford ",,R,"5,316",0.81%,,,,,,,,,,,,,
448,TN,Tennessee,S,S0TN00367,,Terry,Dicus,"Dicus, Terry",,R,"2,279",0.35%,,,,,,,,,,,,,
449,TN,Tennessee,S,S4TN00427,,"Tom, Jr.",Emerson,"Emerson, Tom, Jr.",,R,"2,252",0.35%,,,,,,,,,,,,,
450,TN,Tennessee,S,S0TN00334,,David,Schuster,"Schuster, David",,R,"2,045",0.31%,,,,,,,,,,,,,
451,TN,Tennessee,S,S0TN00326,,John E.,Osborne,"Osborne, John E.",,R,"1,877",0.29%,,,,,,,,,,,,,
452,TN,Tennessee,S,S0TN00243,,Roy Dale,Cope,"Cope, Roy Dale",,R,"1,791",0.27%,,,,,,,,,,,,,
453,TN,Tennessee,S,S0TN00177,,Kent A.,Morrell,"Morrell, Kent A.",,R,"1,769",0.27%,,,,,,,,,,,,,
454,TN,Tennessee,S,S0TN00235,,Aaron L.,Pettigrew,"Pettigrew, Aaron L.",,R,"1,622",0.25%,,,,,,,,,,,,,
455,TN,Tennessee,S,S8TN00311,,"Glen L., Jr.",Neal,"Neal, Glen L., Jr.",,R,"1,233",0.19%,,,,,,,,,,,,,
456,TN,Tennessee,S,n/a,,,,,Party Votes:,R,"652,724",,,,,,,,,,,,,,
457,TN,Tennessee,S,S0TN00342,,Marquita ,Bradshaw,"Bradshaw, Marquita ",,D,"117,962",35.51%,,,"1,040,691",35.16%,,,,,W,,,,
458,TN,Tennessee,S,S0TN00250,,Robin,Kimbrough,"Kimbrough, Robin",,D,"88,492",26.64%,,,,,,,,,,,,,
459,TN,Tennessee,S,S8TN00394,,James ,Mackler,"Mackler, James",,D,"78,966",23.77%,,,,,,,,,,,,,
460,TN,Tennessee,S,S2TN00082,,Gary G.,Davis,"Davis, Gary G.",,D,"30,758",9.26%,,,,,,,,,,,,,
461,TN,Tennessee,S,S0TN00276,,Mark,Pickrell,"Pickrell, Mark",,D,"16,045",4.83%,,,,,,,,,,,,,
462,TN,Tennessee,S,n/a,,,,,Party Votes:,D,"332,223",,,,,,,,,,,,,,
463,TN,Tennessee,S,S0TN00227,,Elizabeth,McLeod,"McLeod, Elizabeth",,IND,,,,,"16,652",0.56%,,,,,,,,,
464,TN,Tennessee,S,S0TN00318,,"Yomi ""Fapas,"" Sr.",Faparusi,"Faparusi, Yomi ""Fapas,"" Sr.",,IND,,,,,"10,727",0.36%,,,,,,,,,
465,TN,Tennessee,S,S0TN00409,,Steven J.,Hooper,"Hooper, Steven J.",,IND,,,,,"9,609",0.32%,,,,,,,,,
466,TN,Tennessee,S,S0TN00292,,Kacey,Morgan,"Morgan, Kacey",,IND,,,,,"9,598",0.32%,,,,,,,,,
467,TN,Tennessee,S,S0TN00391,,Ronnie,Henley,"Henley, Ronnie",,IND,,,,,"8,478",0.29%,,,,,,,,,
468,TN,Tennessee,S,S0TN00417,,Aaron ,James,"James, Aaron ",,IND,,,,,"7,203",0.24%,,,,,,,,,
469,TN,Tennessee,S,S0TN00425,,Eric William,Stansberry,"Stansberry, Eric William",,IND,,,,,"6,781",0.23%,,,,,,,,,
470,TN,Tennessee,S,S0TN00300,,G. Dean,Hill,"Hill, G. Dean",,IND,,,,,"4,872",0.16%,,,,,,,,,
471,TN,Tennessee,S,S0TN00375,,Jeffrey Alan,Grunau,"Grunau, Jeffrey Alan",,IND,,,,,"4,160",0.14%,,,,,,,,,
472,TN,Tennessee,S,n/a,,John A.,Gentry,"Gentry, John A.",,W,,,,,64,0.00%,,,,,,,,,
473,TN,Tennessee,S,n/a,,,,,Total State Votes:,,"984,947",,,,"2,959,761",,,,,,,,,,
474,,,,n/a,,,,,,,,,,,,,,,,,,,,,
475,TX,Texas,S,S2TX00106,(I),John,Cornyn,"Cornyn, John",,R,"1,470,669",76.04%,,,"5,962,983",53.51%,,,,,W,W,,,
476,TX,Texas,S,S4TX00433,,Dwayne ,Stovall,"Stovall, Dwayne ",,R,"231,104",11.95%,,,,,,,,,,,,,
477,TX,Texas,S,S0TX00282,,Mark ,Yancey,"Yancey, Mark ",,R,"124,864",6.46%,,,,,,,,,,,,,
478,TX,Texas,S,S0TX00357,,John Anthony ,Castro,"Castro, John Anthony ",,R,"86,916",4.49%,,,,,,,,,,,,,
479,TX,Texas,S,S0TX00365,,Virgil ,Bierschwale,"Bierschwale, Virgil ",,R,"20,494",1.06%,,,,,,,,,,,,,
480,TX,Texas,S,n/a,,,,,Party Votes:,R,"1,934,047",,,,,,,,,,,,,,
481,TX,Texas,S,S0TX00233,,"Mary ""MJ"" ",Hegar,"Hegar, Mary ""MJ"" ",,D,"417,160",22.31%,"502,516",52.24%,"4,888,764",43.87%,,,,,W,,,,
482,TX,Texas,S,S0TX00266,,Royce,West,"West, Royce",,D,"274,074",14.66%,"459,457",47.76%,,,,,,,,,,,
483,TX,Texas,S,S8TX00459,,Cristina Tzintzun ,Ramirez,"Ramirez, Cristina Tzintzun ",,D,"246,659",13.19%,,,,,,,,,,,,,
484,TX,Texas,S,S0TX00381,,"Annie ""Mamá"" ",Garcia,"Garcia, Annie ""Mamá"" ",,D,"191,900",10.27%,,,,,,,,,,,,,
485,TX,Texas,S,S0TX00258,,Amanda K. ,Edwards,"Edwards, Amanda K. ",,D,"189,624",10.14%,,,,,,,,,,,,,
486,TX,Texas,S,S0TX00324,,Chris ,Bell,"Bell, Chris ",,D,"159,751",8.55%,,,,,,,,,,,,,
487,TX,Texas,S,S0TX00290,,Sema ,Hernandez,"Hernandez, Sema ",,D,"137,892",7.38%,,,,,,,,,,,,,
488,TX,Texas,S,S0TX00332,,Michael ,Cooper,"Cooper, Michael ",,D,"92,463",4.95%,,,,,,,,,,,,,
489,TX,Texas,S,S0TX00316,,Victor Hugo ,Harris,"Harris, Victor Hugo ",,D,"59,710",3.19%,,,,,,,,,,,,,
490,TX,Texas,S,S0TX00225,,Adrian ,Ocegueda,"Ocegueda, Adrian ",,D,"41,566",2.22%,,,,,,,,,,,,,
491,TX,Texas,S,S0TX00274,,"Jack Daniel, Jr.",Foster,"Foster, Jack Daniel, Jr.",,D,"31,718",1.70%,,,,,,,,,,,,,
492,TX,Texas,S,S6TX00206,,D. R. ,Hunter,"Hunter, D. R. ",,D,"26,902",1.44%,,,,,,,,,,,,,
493,TX,Texas,S,n/a,,,,,Party Votes:,D,"1,869,419",,"961,973",,,,,,,,,,,,
494,TX,Texas,S,S0TX00340,,Kerry Douglas,McKennon,"McKennon, Kerry Douglas",,LIB,*,,,,"209,722",1.88%,,,,,*,,"*  The Green Party nominated by convention on April 18, 2020, and the Libertarian Party nominated by convention on August 1, 2020 .  Convention nominees are noted with an asterisk.",,
495,TX,Texas,S,n/a,,Wes,Benedict,"Benedict, Wes",,LIB,,,,,,,,,,,,,"*  The Green Party nominated by convention on April 18, 2020, and the Libertarian Party nominated by convention on August 1, 2020 .  Convention nominees are noted with an asterisk.",,
496,TX,Texas,S,S2TX00486,,David B.,Collins,"Collins, David B.",,GRE,*,,,,"81,893",0.73%,,,,,*,,"*  The Green Party nominated by convention on April 18, 2020, and the Libertarian Party nominated by convention on August 1, 2020 .  Convention nominees are noted with an asterisk.",,
497,TX,Texas,S,S0TX00423,,Ricardo,Turullols-Bonilla,"Turullols-Bonilla, Ricardo",,W,,,,,678,0.01%,,,,,,,,,
498,TX,Texas,S,n/a,,,,,Total State Votes:,,"3,803,466",,"961,973",,"11,144,040",,,,,,,,,,
499,,,,n/a,,,,,,,,,,,,,,,,,,,,,
500,VA,Virginia,S,S6VA00093,(I),Mark R.,Warner,"Warner, Mark R.",,D,Unopposed,,,,"2,466,500",55.99%,,,,,W,W,,,
501,VA,Virginia,S,S0VA00146,,Daniel M.,Gade,"Gade, Daniel M.",,R,"208,754",67.38%,,,"1,934,199",43.91%,,,,,W,,,,
502,VA,Virginia,S,S0VA00070,,Alissa A.,Baldwin,"Baldwin, Alissa A.",,R,"56,165",18.13%,,,,,,,,,,,,,
503,VA,Virginia,S,S0VA00088,,"Thomas A., II",Speciale,"Speciale, Thomas A., II",,R,"44,795",14.46%,,,,,,,,,,,,,
504,VA,Virginia,S,n/a,,,Scattered,Scattered,,W(R),90,0.03%,,,,,,,,,,,,,
505,VA,Virginia,S,n/a,,,,,Party Votes:,R,"309,804",,,,,,,,,,,,,,
506,VA,Virginia,S,n/a,,,Scattered,Scattered,,W,,,,,"4,388",0.10%,,,,,,,,,
507,VA,Virginia,S,n/a,,,,,Total State Votes:,,"309,804",,,,"4,405,087",,,,,,,,,,
508,,,,n/a,,,,,,,,,,,,,,,,,,,,,
509,WV,West Virginia,S,S4WV00159,(I),Shelley Moore ,Capito,"Capito, Shelley Moore ",,R,"173,331",83.34%,,,"547,454",70.28%,,,,,W,W,,,
510,WV,West Virginia,S,S0WV00231,,Allen ,Whitt,"Whitt, Allen ",,R,"19,972",9.60%,,,,,,,,,,,,,
511,WV,West Virginia,S,S4WV00241,,Larry Eugene ,Butcher,"Butcher, Larry Eugene ",,R,"14,673",7.06%,,,,,,,,,,,,,
512,WV,West Virginia,S,n/a,,,,,Party Votes:,R,"207,976",,,,,,,,,,,,,,
513,WV,West Virginia,S,S0WV00215, ,Paula Jean ,Swearengin,"Swearengin, Paula Jean ",,D,"71,725",38.28%,,,"210,309",27.00%,,,,,W,,,,
514,WV,West Virginia,S,S0WV00249,,"Richard N., II",Ojeda,"Ojeda, Richard N., II",,D,"61,712",32.93%,,,,,,,,,,,,,
515,WV,West Virginia,S,S0WV00256,,Richie,Robb,"Robb, Richie",,D,"53,944",28.79%,,,,,,,,,,,,,
516,WV,West Virginia,S,n/a,,,,,Party Votes:,D,"187,381",,,,,,,,,,,,,,
517,WV,West Virginia,S,S0WV00264,,David,Moran,"Moran, David",,LIB,*,,,,"21,155",2.72%,,,,,*,,"*  The Libertarian Party nominated by convention on April 4, 2020.  Convention nominee is noted with an asterisk.",,
518,WV,West Virginia,S,n/a,,,,,Total State Votes:,,"395,357",,,,"778,918",,,,,,,,,,
519,,,,n/a,,,,,,,,,,,,,,,,,,,,,
520,WY,Wyoming,S,S0WY00137,,Cynthia M.,Lummis,"Lummis, Cynthia M.",,R,"63,511",59.67%,,,"198,100",72.58%,,,,,W,W,,,
521,WY,Wyoming,S,S0WY00160,,Robert G.,Short,"Short, Robert G.",,R,"13,473",12.66%,,,,,,,,,,,,,
522,WY,Wyoming,S,S4WY00147,,Bryan E.,Miller,"Miller, Bryan E.",,R,"10,946",10.28%,,,,,,,,,,,,,
523,WY,Wyoming,S,S0WY00178,,Donna,Rice,"Rice, Donna",,R,"5,881",5.53%,,,,,,,,,,,,,
524,WY,Wyoming,S,S0WY00244,,R. Mark,Armstrong,"Armstrong, R. Mark",,R,"3,904",3.67%,,,,,,,,,,,,,
525,WY,Wyoming,S,S0WY00103,,Josh,Wheeler,"Wheeler, Josh",,R,"3,763",3.54%,,,,,,,,,,,,,
526,WY,Wyoming,S,S8WY00213,,John,Holtz,"Holtz, John",,R,"1,820",1.71%,,,,,,,,,,,,,
527,WY,Wyoming,S,S0WY00210,,Devon,Cade,"Cade, Devon",,R,"1,027",0.96%,,,,,,,,,,,,,
528,WY,Wyoming,S,"S0WY00251
",,Michael,Kemler,"Kemler, Michael",,R,985,0.93%,,,,,,,,,,,,,
529,WY,Wyoming,S,S0WY00228,,Star,Roselli,"Roselli, Star",,R,627,0.59%,,,,,,,,,,,,,
530,WY,Wyoming,S,n/a,,,Scattered,Scattered,,W(R),501,0.47%,,,,,,,,,,,,,
531,WY,Wyoming,S,n/a,,,,,Party Votes:,R,"106,438",,,,,,,,,,,,,,
532,WY,Wyoming,S,S0WY00152,,Merav Ben,David,"David, Merav Ben",,D,"9,584",40.28%,,,"73,766",27.03%,,,,,W,,,,
533,WY,Wyoming,S,S0WY00129,,Yana,Ludwig,"Ludwig, Yana",,D,"4,931",20.73%,,,,,,,,,,,,,
534,WY,Wyoming,S,S0WY00194,,Nathan,Wendt,"Wendt, Nathan",,D,"4,212",17.70%,,,,,,,,,,,,,
535,WY,Wyoming,S,S0WY00236,,Kenneth R.,Casner,"Casner, Kenneth R.",,D,"2,139",8.99%,,,,,,,,,,,,,
536,WY,Wyoming,S,S4WY00113 ,,Rex,Wilde,"Wilde, Rex",,D,"1,888",7.94%,,,,,,,,,,,,,
537,WY,Wyoming,S,S0WY00202,,James Kirk,DeBrine,"DeBrine, James Kirk",,D,865,3.64%,,,,,,,,,,,,,
538,WY,Wyoming,S,n/a,,,Scattered,Scattered,,W(D),173,0.73%,,,,,,,,,,,,,
539,WY,Wyoming,S,n/a,,,,,Party Votes:,D,"23,792",,,,,,,,,,,,,,
540,WY,Wyoming,S,n/a,,,Scattered,Scattered,,W,,,,,"1,071",0.39%,,,,,,,,,
541,WY,Wyoming,S,n/a,,,,,Total State Votes:,,"130,230",,,,"272,937",,,,,,,,,,
542,,,,,,,,,,,,,,,,,,,,,,,,,